"","id","Station","Divisions","Region","Total_MAH","Total_DN","Total_kidnap","Total_REHi","Total_Burglary","Total_Theft","Total_Fraud","Total_Drug","Total_weapon","Total_PDE","Total_poSo","Total_AgainstGVT","Total_crime","crime_rate"
"1",20441,"Abbeyfeale","limerickdivision",NA,373,175,2,7,350,633,57,78,42,519,535,66,5674,0.085
"2",20117,"Abbeyleix","laois/offalydivision",NA,197,278,3,6,497,874,43,131,21,385,358,26,5638,0.085
"3",20424,"Adare","limerickdivision",NA,39,120,0,7,211,336,19,21,4,82,55,15,1818,0.027
"4",20217,"Aglish","waterforddivision",NA,31,28,1,2,61,81,4,18,2,61,39,1,658,0.01
"5",20522,"Ahascragh","galwaydivision",NA,31,49,0,0,55,76,6,11,6,60,55,11,720,0.011
"6",20700,"Ailt an Chorrain","donegaldivision",NA,68,49,0,0,41,89,4,8,4,109,132,3,1014,0.015
"7",20649,"An Bun Beag","donegaldivision",NA,337,211,0,5,187,243,13,39,11,367,587,38,4076,0.061
"8",20653,"An Charraig","donegaldivision",NA,49,51,0,0,43,61,6,14,6,97,91,6,848,0.013
"9",20500,"An Cheathru Rua","galwaydivision",NA,161,111,1,1,46,104,10,10,1,150,198,20,1626,0.024
"10",20652,"An Clochan Liath","donegaldivision",NA,214,148,0,1,84,237,48,28,12,172,501,28,2946,0.044
"11",20393,"An Coirean","kerrydivision",NA,60,80,0,0,59,100,5,31,3,57,74,7,952,0.014
"12",20642,"An Craoslach","donegaldivision",NA,33,33,1,0,20,78,7,2,4,76,48,5,614,0.009
"13",20643,"An Fál Carrach","donegaldivision",NA,157,165,0,0,104,200,18,54,16,275,638,22,3298,0.05
"14",20488,"An Maim","galwaydivision",NA,34,42,0,2,77,172,29,28,18,55,66,0,1046,0.016
"15",20218,"An Rinn","waterforddivision",NA,16,43,1,1,58,89,4,19,6,64,44,7,704,0.011
"16",20503,"An Spideal","galwaydivision",NA,67,71,0,2,90,222,19,16,2,154,126,9,1556,0.023
"17",20288,"Anglesea Street","cork citydivision",NA,2711,1521,6,489,1906,17193,983,1755,471,4186,16574,3919,103428,1.556
"18",20383,"Annascaul","kerrydivision",NA,11,15,0,0,45,43,4,4,1,15,23,0,322,0.005
"19",20476,"Aran Mor","galwaydivision",NA,403,482,2,27,797,1918,139,254,33,778,680,78,11182,0.168
"20",20648,"Ard An Rátha","donegaldivision",NA,55,77,0,0,35,91,18,19,9,81,257,30,1344,0.02
"21",2079,"Ardee","louthdivision",NA,365,254,6,26,788,1305,117,100,34,834,428,84,8682,0.131
"22",20378,"Ardfert","kerrydivision",NA,84,129,0,4,121,189,14,70,1,74,149,22,1714,0.026
"23",20259,"Ardfinnan","tipperarydivision",NA,46,67,0,4,104,118,9,94,13,104,66,11,1272,0.019
"24",20334,"Ardmore","waterforddivision",NA,43,32,0,5,125,166,6,29,3,86,71,3,1138,0.017
"25",20414,"Ardnacrusha","limerickdivision",NA,272,152,1,21,400,1220,49,181,54,821,430,63,7328,0.11
"26",20508,"Ardrahan","galwaydivision",NA,17,60,0,0,70,118,6,17,3,35,48,4,756,0.011
"27",20183,"Arklow","wicklowdivision",NA,933,653,8,74,1360,3179,208,1225,171,1706,2438,778,25466,0.383
"28",20122,"Arles","laois/offalydivision",NA,60,56,0,7,286,348,9,35,7,163,83,7,2122,0.032
"29",20677,"Arva","cavan/monaghandivision",NA,54,102,0,2,106,119,23,15,7,76,195,21,1440,0.022
"30",2077,"Ashbourne","meathdivision",NA,644,854,5,99,1407,4224,280,597,102,1212,1604,131,22318,0.336
"31",20200,"Ashford","wicklowdivision",NA,189,329,1,9,450,909,56,446,62,353,281,23,6216,0.094
"32",20423,"Askeaton","limerickdivision",NA,125,69,0,3,195,353,18,49,15,165,331,48,2742,0.041
"33",20444,"Athea","limerickdivision",NA,47,30,0,1,73,86,6,17,9,94,70,4,874,0.013
"34",20480,"Athenry","galwaydivision",NA,227,186,0,5,327,533,53,60,17,324,455,50,4474,0.067
"35",20515,"Athleague","roscommon/longforddivision",NA,25,54,0,2,78,118,19,10,2,58,55,9,860,0.013
"36",2089,"Athlone","westmeathdivision",NA,1436,1214,11,172,2760,6499,410,1313,279,3311,4962,627,45988,0.692
"37",20160,"Athy","kildaredivision",NA,837,570,11,156,1755,2512,166,432,128,1739,1550,228,20168,0.304
"38",20205,"Aughrim","wicklowdivision",NA,70,32,0,5,222,245,8,59,13,104,42,6,1612,0.024
"39",20203,"Avoca","wicklowdivision",NA,59,63,0,2,171,235,14,55,8,120,70,9,1612,0.024
"40",2060,"Baile Atha Bui","meathdivision",NA,264,140,1,16,345,690,34,82,22,351,447,26,4836,0.073
"41",20384,"Baile an Fheirtéaraigh","kerrydivision",NA,11,24,0,0,13,35,0,3,1,12,11,3,226,0.003
"42",20365,"Baile Bhuirne","cork westdivision",NA,10,62,0,1,88,109,10,18,4,42,33,0,754,0.011
"43",20682,"Bailieboro","cavan/monaghandivision",NA,415,338,0,9,241,541,77,232,30,519,957,85,6888,0.104
"44",2072,"Balbriggan","d.m.r. northerndivision",NA,969,971,11,160,1760,4835,703,853,181,2483,2179,624,31458,0.473
"45",20554,"Balla","mayodivision",NA,53,67,0,2,88,196,9,15,3,123,118,6,1360,0.02
"46",20538,"Ballaghderreen","roscommon/longforddivision",NA,286,195,1,0,333,566,129,124,32,367,733,54,5640,0.085
"47",20562,"Ballina","mayodivision",NA,1171,704,1,32,771,2277,309,465,111,1998,3125,216,22360,0.336
"48",20676,"Ballinagh","cavan/monaghandivision",NA,128,152,1,1,197,241,24,18,14,150,119,5,2100,0.032
"49",20695,"Ballinamore","sligo/leitrimdivision",NA,136,77,1,1,95,215,20,13,5,155,321,14,2106,0.032
"50",20521,"Ballinasloe","galwaydivision",NA,700,534,2,33,616,2028,241,474,134,1196,2673,494,18250,0.275
"51",20304,"Ballincollig","cork citydivision",NA,482,568,0,35,599,2207,167,698,97,1583,2457,99,17984,0.271
"52",20574,"Ballindine","mayodivision",NA,29,50,0,5,60,135,20,2,8,30,58,1,796,0.012
"53",20338,"Ballineen","cork westdivision",NA,38,89,0,1,116,154,14,65,5,77,70,4,1266,0.019
"54",20442,"Ballingarry","limerickdivision",NA,40,34,0,2,164,244,5,22,7,129,84,16,1494,0.022
"55",20266,"Ballingarry North","tipperarydivision",NA,6,6,0,2,33,31,1,0,3,15,31,1,258,0.004
"56",20244,"Ballingarry South","tipperarydivision",NA,50,40,0,0,98,140,6,26,1,93,122,4,1160,0.017
"57",20337,"Ballinhassig","cork westdivision",NA,105,112,1,2,143,323,28,158,12,165,90,9,2296,0.035
"58",20539,"Ballinlough","roscommon/longforddivision",NA,86,66,0,4,71,178,15,14,10,133,86,9,1344,0.02
"59",20576,"Ballinrobe","mayodivision",NA,255,178,7,9,183,496,45,68,21,336,419,16,4066,0.061
"60",20656,"Ballintra","donegaldivision",NA,50,94,0,2,119,223,18,66,10,92,103,9,1572,0.024
"61",2061,"Ballivor","meathdivision",NA,142,61,0,6,189,339,22,49,25,209,124,19,2370,0.036
"62",20157,"Ballon","kilkenny/carlowdivision",NA,55,65,0,10,322,268,17,40,6,124,50,8,1930,0.029
"63",20670,"Ballybay","cavan/monaghandivision",NA,203,265,0,3,180,417,41,40,14,182,387,62,3588,0.054
"64",20626,"Ballybofey","donegaldivision",NA,738,423,6,12,372,1015,151,138,43,795,1546,47,10572,0.159
"65",20407,"Ballybunion","kerrydivision",NA,228,170,0,9,175,382,15,154,27,371,1514,16,6122,0.092
"66",20690,"Ballyconnell","cavan/monaghandivision",NA,180,215,0,3,124,302,29,62,10,162,402,64,3106,0.047
"67",20333,"Ballycotton","cork northdivision",NA,33,54,0,0,58,106,4,63,2,80,91,12,1006,0.015
"68",20570,"Ballycroy","mayodivision",NA,38,14,6,0,14,27,3,0,0,28,14,1,290,0.004
"69",20193,"Ballycullane","wexforddivision",NA,52,49,0,1,127,173,6,65,14,127,44,7,1330,0.02
"70",20349,"Ballydehob","cork westdivision",NA,28,40,0,0,24,91,4,73,3,45,65,3,752,0.011
"71",20370,"Ballydesmond","cork westdivision",NA,20,20,0,2,45,90,7,4,0,23,19,3,466,0.007
"72",20408,"Ballyduff","kerrydivision",NA,73,67,1,2,81,100,7,22,7,105,186,31,1364,0.021
"73",209,"Ballyfermot","d.m.r. westerndivision",NA,1182,1320,12,418,2565,7505,431,3555,524,5566,5898,784,59520,0.896
"74",20520,"Ballygar","galwaydivision",NA,62,32,0,0,76,127,25,6,6,46,106,1,974,0.015
"75",20238,"Ballyhale","kilkenny/carlowdivision",NA,27,57,1,0,117,208,6,26,6,76,42,4,1140,0.017
"76",20584,"Ballyhaunis","mayodivision",NA,220,164,0,7,215,514,60,53,18,260,500,30,4082,0.061
"77",20405,"Ballyheigue","kerrydivision",NA,93,43,0,2,75,88,13,40,9,129,305,12,1618,0.024
"78",20689,"Ballyjamesduff","cavan/monaghandivision",NA,275,261,6,6,235,381,55,55,14,231,413,35,3934,0.059
"79",20433,"Ballylanders","limerickdivision",NA,117,44,2,3,153,183,23,32,4,132,233,10,1872,0.028
"80",20121,"Ballylinan","laois/offalydivision",NA,114,47,1,5,312,354,12,24,12,221,156,24,2564,0.039
"81",20216,"Ballymacarberry","waterforddivision",NA,37,36,0,0,114,169,4,10,5,69,48,4,992,0.015
"82",2095,"Ballymahon","roscommon/longforddivision",NA,190,111,1,7,396,478,27,46,15,397,370,20,4116,0.062
"83",2091,"Ballymore","westmeathdivision",NA,21,26,0,1,99,123,5,2,6,34,31,10,716,0.011
"84",20599,"Ballymote","sligo/leitrimdivision",NA,146,167,1,5,131,325,35,76,34,253,378,54,3210,0.048
"85",2021,"Ballymun","d.m.r. northerndivision",NA,2011,1083,15,568,2090,7307,339,2662,624,5486,3930,464,53158,0.8
"86",20107,"Ballynacargy","westmeathdivision",NA,66,60,0,4,181,201,16,15,4,119,155,6,1654,0.025
"87",20421,"Ballyneety","limerickdivision",NA,99,63,1,8,237,497,21,39,18,229,77,23,2624,0.039
"88",20314,"Ballynoe","cork northdivision",NA,43,45,0,2,74,108,9,15,4,60,49,4,826,0.012
"89",20260,"Ballyporeen","tipperarydivision",NA,42,36,1,2,60,60,9,17,3,39,115,7,782,0.012
"90",20655,"Ballyshannon","donegaldivision",NA,272,254,2,5,170,528,64,586,46,486,1001,141,7110,0.107
"91",20469,"Ballyvaughan","claredivision",NA,22,11,0,0,64,199,7,4,1,43,14,3,736,0.011
"92",20357,"Baltimore","cork westdivision",NA,17,12,0,0,35,94,2,10,1,68,23,2,528,0.008
"93",20162,"Baltinglass","wicklowdivision",NA,253,222,0,17,707,972,84,149,37,553,500,87,7162,0.108
"94",20126,"Banagher","laois/offalydivision",NA,126,88,0,2,100,281,14,36,10,163,250,10,2160,0.033
"95",20335,"Bandon","cork westdivision",NA,549,595,3,15,372,1273,182,771,77,688,2252,327,14208,0.214
"96",20569,"Bangor Erris","mayodivision",NA,64,63,0,1,30,97,11,16,0,57,80,1,840,0.013
"97",20285,"Bansha","tipperarydivision",NA,37,40,0,0,83,123,5,28,3,63,52,9,886,0.013
"98",20343,"Bantry","cork westdivision",NA,357,255,0,13,163,694,85,330,52,452,1265,122,7576,0.114
"99",20550,"Barnaderg","galwaydivision",NA,42,59,0,0,79,136,16,6,8,68,43,9,932,0.014
"100",20401,"Barraduff","kerrydivision",NA,5,45,0,0,22,36,1,7,0,16,31,0,326,0.005
"101",20566,"Beal an Mhuirthead","mayodivision",NA,209,201,0,3,71,287,40,29,16,301,508,27,3384,0.051
"102",20364,"Beal Atha an Ghaorthaidh","cork westdivision",NA,22,35,1,0,34,78,4,26,2,49,26,9,572,0.009
"103",20691,"Belturbet","cavan/monaghandivision",NA,171,253,1,7,245,464,45,78,13,212,309,26,3648,0.055
"104",20235,"Bennettsbridge","kilkenny/carlowdivision",NA,25,75,0,2,155,189,12,33,6,83,64,8,1304,0.02
"105",20125,"Birr","laois/offalydivision",NA,516,310,1,29,605,1449,112,397,85,880,1069,129,11164,0.168
"106",20293,"Bishopstown","cork citydivision",NA,385,502,4,78,975,4650,386,496,35,1361,1655,74,21202,0.319
"107",20618,"Blacklion","cavan/monaghandivision",NA,25,13,0,0,39,82,4,60,5,25,98,330,1362,0.02
"108",20291,"Blackrock Co Cork","cork northdivision",NA,531,465,3,43,684,2905,131,636,113,1752,2154,184,19202,0.289
"109",2044,"Blackrock Co Dublin","d.m.r. southerndivision",NA,752,669,4,233,3690,7475,639,959,141,2541,3157,191,40902,0.616
"110",20703,"Blackrock Co Louth","louthdivision",NA,152,137,1,19,476,930,46,54,18,547,293,18,5382,0.081
"111",20186,"Blackwater","wexforddivision",NA,69,97,3,5,293,493,31,80,15,226,115,12,2878,0.043
"112",2031,"Blanchardstown","d.m.r. westerndivision",NA,2671,3704,43,1539,7168,28972,1690,3663,1042,12288,7285,4440,149010,2.242
"113",20303,"Blarney","cork citydivision",NA,337,365,0,19,640,1689,46,257,45,862,782,75,10234,0.154
"114",20163,"Blessington","wicklowdivision",NA,306,336,5,25,906,2076,81,361,34,918,631,32,11422,0.172
"115",20371,"Boherbue","cork westdivision",NA,44,59,0,2,56,132,9,31,4,58,95,7,994,0.015
"116",20561,"Bonniconlon","mayodivision",NA,36,25,0,0,26,127,9,10,4,31,40,0,616,0.009
"117",20242,"Borris","kilkenny/carlowdivision",NA,64,59,1,4,224,242,19,50,5,123,86,5,1764,0.027
"118",20124,"Borris-In-Ossory","laois/offalydivision",NA,30,68,1,0,197,220,20,28,3,72,64,2,1410,0.021
"119",20265,"Borrisokane","tipperarydivision",NA,44,75,0,0,152,222,19,36,5,77,171,21,1644,0.025
"120",20277,"Borrisoleigh","tipperarydivision",NA,47,84,2,1,117,167,13,19,9,86,121,4,1340,0.02
"121",20505,"Bothar Na Tra","galwaydivision",NA,808,730,3,59,1835,2816,139,686,80,2123,2182,163,23248,0.35
"122",20530,"Boyle","roscommon/longforddivision",NA,225,165,1,7,296,667,78,116,16,302,499,45,4834,0.073
"123",2040,"Bray","wicklowdivision",NA,1594,1156,5,337,4010,8898,533,2560,462,5130,6516,1503,65408,0.984
"124",20290,"Bridewell Cork","cork citydivision",NA,1444,562,4,176,801,5972,357,1124,245,1569,6929,797,39960,0.601
"125",2035,"Bridewell Dublin","d.m.r. north centraldivision",NA,1548,1244,23,870,2803,11408,652,2965,863,6576,6667,39994,151226,2.276
"126",20431,"Bruff","limerickdivision",NA,115,106,0,3,139,341,43,71,6,218,424,37,3006,0.045
"127",20435,"Bruree","limerickdivision",NA,77,45,0,0,95,148,9,17,8,106,83,9,1194,0.018
"128",20181,"Bunclody","wexforddivision",NA,237,174,1,12,658,838,51,43,26,408,342,27,5634,0.085
"129",20628,"Buncrana","donegaldivision",NA,827,727,5,13,259,845,121,316,91,1109,2482,166,13922,0.21
"130",20657,"Bundoran","donegaldivision",NA,357,295,0,10,161,492,37,506,25,367,1762,33,8090,0.122
"131",20629,"Burnfoot","donegaldivision",NA,155,229,3,14,173,619,83,121,31,285,238,36,3974,0.06
"132",20321,"Buttevant","cork northdivision",NA,112,137,0,0,140,286,24,74,16,202,267,18,2552,0.038
"133",2039,"Cabinteely","d.m.r. easterndivision",NA,659,505,9,221,3146,5245,242,622,123,2383,1736,187,30156,0.454
"134",2028,"Cabra","d.m.r. westerndivision",NA,839,651,6,375,1757,6579,323,1439,224,4327,2427,252,38398,0.578
"135",20387,"Caherciveen","kerrydivision",NA,230,150,0,2,82,267,37,71,16,263,643,56,3634,0.055
"136",20422,"Caherconlish","limerickdivision",NA,108,65,1,8,236,478,18,49,10,266,84,43,2732,0.041
"137",20258,"Cahir","tipperarydivision",NA,332,490,4,8,391,745,72,440,109,498,1012,76,8354,0.126
"138",20230,"Callan","kilkenny/carlowdivision",NA,192,102,0,8,311,486,52,65,12,330,337,17,3824,0.058
"139",20198,"Campile","wexforddivision",NA,62,48,0,1,97,150,10,42,6,88,66,4,1148,0.017
"140",20438,"Cappamore","limerickdivision",NA,81,48,0,7,167,274,8,48,15,192,165,13,2036,0.031
"141",20284,"Cappawhite","tipperarydivision",NA,82,130,1,3,179,318,9,91,22,163,190,6,2388,0.036
"142",20214,"Cappoquin","waterforddivision",NA,85,67,2,5,191,226,8,41,13,176,125,16,1910,0.029
"143",20153,"Carbury","kildaredivision",NA,125,117,1,16,442,777,15,43,36,364,116,20,4144,0.062
"144",2053,"Carlingford","louthdivision",NA,159,79,0,12,297,721,32,23,15,553,289,25,4410,0.066
"145",20154,"Carlow","kilkenny/carlowdivision",NA,2059,1656,9,238,3231,7976,421,2484,245,4031,6706,770,59652,0.898
"146",20487,"Carna","galwaydivision",NA,66,45,1,0,38,95,3,4,5,109,72,5,886,0.013
"147",20630,"Carndonagh","donegaldivision",NA,561,292,2,4,177,396,33,125,35,638,793,74,6260,0.094
"148",20184,"Carnew","wicklowdivision",NA,92,59,1,8,298,320,17,52,15,169,91,5,2254,0.034
"149",20637,"Carraig Airt","donegaldivision",NA,112,83,0,0,75,144,22,12,8,184,346,9,1990,0.03
"150",20197,"Carrickbyrne","wexforddivision",NA,82,122,0,2,255,340,14,57,14,151,104,6,2294,0.035
"151",20669,"Carrickmacross","cavan/monaghandivision",NA,730,945,5,15,621,1343,154,482,57,1114,2451,250,16334,0.246
"152",20194,"Carrick-on-Bannow","wexforddivision",NA,114,114,0,3,191,261,14,70,32,140,101,8,2096,0.032
"153",20605,"Carrick-On-Shannon","sligo/leitrimdivision",NA,620,595,2,7,476,1375,172,222,51,938,1983,136,13154,0.198
"154",20256,"Carrick-On-Suir","tipperarydivision",NA,461,318,2,23,527,1103,112,604,81,761,934,125,10102,0.152
"155",20295,"Carrigaline","cork citydivision",NA,403,436,1,12,460,1423,135,630,41,861,1489,69,11920,0.179
"156",20696,"Carrigallen","sligo/leitrimdivision",NA,25,35,0,1,66,89,7,5,12,49,66,8,726,0.011
"157",20620,"Carrigans","donegaldivision",NA,125,60,2,20,229,293,12,22,9,296,93,22,2366,0.036
"158",20307,"Carrigtwohill","cork northdivision",NA,167,268,3,5,163,525,42,140,11,239,317,46,3852,0.058
"159",20262,"Cashel","tipperarydivision",NA,355,386,6,22,438,885,60,416,100,534,711,138,8102,0.122
"160",20551,"Castlebar","mayodivision",NA,1149,798,5,44,952,3737,324,598,92,2096,3682,258,27470,0.413
"161",2048,"Castlebellingham","louthdivision",NA,126,141,4,13,562,1028,28,37,21,484,147,15,5212,0.078
"162",20671,"Castleblayney","cavan/monaghandivision",NA,656,944,8,24,467,1183,148,312,75,1060,2340,153,14740,0.222
"163",20175,"Castlebridge","wexforddivision",NA,85,102,0,4,246,505,26,59,11,216,111,29,2788,0.042
"164",20231,"Castlecomer","kilkenny/carlowdivision",NA,258,199,0,18,579,753,45,182,24,409,529,50,6092,0.092
"165",20416,"Castleconnell","limerickdivision",NA,137,178,2,18,525,1236,66,135,37,580,258,47,6438,0.097
"166",20161,"Castledermot","kildaredivision",NA,117,126,1,26,485,541,14,42,11,264,64,13,3408,0.051
"167",20621,"Castlefin","donegaldivision",NA,147,76,1,16,158,259,14,26,13,233,169,11,2246,0.034
"168",20382,"Castlegregory","kerrydivision",NA,54,66,0,0,60,158,6,6,4,83,98,8,1086,0.016
"169",20399,"Castleisland","kerrydivision",NA,291,199,0,10,188,533,51,115,73,335,689,57,5082,0.076
"170",20395,"Castlemaine","kerrydivision",NA,51,86,0,1,61,126,12,20,10,68,90,14,1078,0.016
"171",20108,"Castlepollard","westmeathdivision",NA,128,87,1,7,334,505,22,89,12,260,201,39,3370,0.051
"172",20537,"Castlerea","roscommon/longforddivision",NA,566,181,5,5,260,640,66,322,48,335,601,193,6444,0.097
"173",20351,"Castletownbere","cork westdivision",NA,124,76,0,0,66,281,19,38,10,240,151,16,2042,0.031
"174",20318,"Castletownroche","cork northdivision",NA,56,67,2,0,116,203,21,88,3,128,67,9,1520,0.023
"175",20675,"Cavan","cavan/monaghandivision",NA,1632,1424,11,54,1101,3457,490,745,153,1698,4746,416,31854,0.479
"176",20142,"Celbridge","kildaredivision",NA,460,359,5,99,1700,3818,179,526,67,1630,1016,105,19928,0.3
"177",20582,"Charlestown","mayodivision",NA,179,129,1,1,177,485,29,41,22,236,366,32,3396,0.051
"178",20322,"Charleville","cork northdivision",NA,312,341,2,14,324,995,84,192,49,407,889,56,7330,0.11
"179",20506,"Cill Ronain","galwaydivision",NA,44,14,1,0,11,43,2,6,1,38,72,3,470,0.007
"180",20143,"Clane","kildaredivision",NA,416,401,3,96,1209,2002,117,338,57,942,499,48,12256,0.184
"181",20135,"Clara","laois/offalydivision",NA,193,142,0,13,337,609,61,136,63,565,486,29,5268,0.079
"182",20572,"Claremorris","mayodivision",NA,394,342,4,15,234,974,109,158,56,548,923,42,7598,0.114
"183",20483,"Clifden","galwaydivision",NA,223,221,1,4,115,441,41,101,35,383,876,71,5024,0.076
"184",20489,"Cloch na Ron","galwaydivision",NA,21,18,0,1,10,31,0,8,0,44,50,2,370,0.006
"185",20127,"Cloghan","laois/offalydivision",NA,91,73,0,2,100,196,10,20,15,119,153,12,1582,0.024
"186",20263,"Clogheen","tipperarydivision",NA,42,33,0,1,67,125,5,53,17,78,79,9,1018,0.015
"187",20650,"Clogher","donegaldivision",NA,21,40,0,0,22,52,3,21,2,33,147,4,690,0.01
"188",2049,"Clogherhead","louthdivision",NA,103,43,4,6,286,619,5,65,13,310,92,21,3134,0.047
"189",20352,"Clonakilty","cork westdivision",NA,446,303,2,4,234,908,92,347,36,637,1919,148,10152,0.153
"190",20528,"Clonark","roscommon/longforddivision",NA,29,74,0,5,140,234,8,5,2,96,63,16,1344,0.02
"191",20116,"Clonaslee","laois/offalydivision",NA,37,35,0,1,98,123,5,11,7,119,48,6,980,0.015
"192",20136,"Clonbologue","laois/offalydivision",NA,41,14,0,3,131,154,5,16,3,86,27,8,976,0.015
"193",2012,"Clondalkin","d.m.r. westerndivision",NA,1419,1614,16,651,3951,12528,787,2685,625,6789,4255,895,72430,1.09
"194",20663,"Clones","cavan/monaghandivision",NA,365,309,0,4,124,428,52,54,24,323,386,41,4220,0.064
"195",20631,"Clonmany","donegaldivision",NA,165,80,0,0,36,100,11,12,11,222,236,14,1774,0.027
"196",20251,"Clonmel","tipperarydivision",NA,1165,1108,13,101,1370,3794,232,1943,368,2232,4101,409,33672,0.507
"197",20191,"Clonroche","wexforddivision",NA,81,60,1,1,238,347,31,50,9,172,72,14,2152,0.032
"198",2027,"Clontarf","d.m.r. northerndivision",NA,949,919,4,614,3866,9441,473,1018,237,4393,2810,271,49990,0.752
"199",20267,"Cloughjordan","tipperarydivision",NA,16,9,0,1,60,80,1,19,4,52,97,1,680,0.01
"200",20329,"Cloyne","cork northdivision",NA,32,81,0,2,87,157,2,71,4,84,104,10,1268,0.019
"201",20363,"Coachford","cork westdivision",NA,85,103,0,1,96,173,11,102,8,76,106,10,1542,0.023
"202",20306,"Cobh","cork northdivision",NA,749,446,14,17,247,1236,108,556,54,1264,3293,155,16278,0.245
"203",2080,"Collon","louthdivision",NA,47,44,2,3,194,323,11,12,3,124,44,5,1624,0.024
"204",20593,"Collooney","sligo/leitrimdivision",NA,125,196,1,7,181,364,45,83,14,281,225,34,3112,0.047
"205",20577,"Cong","mayodivision",NA,40,48,0,0,48,164,3,16,2,83,56,2,924,0.014
"206",20627,"Convoy","donegaldivision",NA,270,137,3,6,187,336,30,59,21,357,248,18,3344,0.05
"207",20595,"Coolaney","sligo/leitrimdivision",NA,40,26,0,1,37,94,5,29,3,76,47,10,736,0.011
"208",2023,"Coolock","d.m.r. northerndivision",NA,1597,1725,17,804,3630,11911,531,5861,950,7193,5484,1267,81940,1.233
"209",20688,"Cootehill","cavan/monaghandivision",NA,414,274,1,9,357,575,83,129,43,418,1132,73,7016,0.106
"210",20470,"Corofin","claredivision",NA,47,49,0,1,104,132,5,42,2,74,59,15,1060,0.016
"211",20549,"Corofin","galwaydivision",NA,40,80,0,0,79,139,8,16,6,76,36,4,968,0.015
"212",20182,"Courtown Harbour","wexforddivision",NA,217,259,1,25,824,978,12,164,34,508,383,34,6878,0.104
"213",20509,"Craughwell","galwaydivision",NA,56,148,0,3,220,371,28,30,4,110,87,11,2136,0.032
"214",20519,"Creggs","galwaydivision",NA,11,19,1,1,25,23,1,1,0,12,10,0,208,0.003
"215",20366,"Crookstown","cork westdivision",NA,128,112,1,0,134,299,20,100,12,121,96,9,2064,0.031
"216",20426,"Croom","limerickdivision",NA,99,66,2,5,187,447,22,49,17,230,194,22,2680,0.04
"217",20296,"Crosshaven","cork citydivision",NA,120,87,0,4,112,376,25,160,10,230,316,23,2926,0.044
"218",20558,"Crossmolina","mayodivision",NA,101,125,0,1,110,211,20,21,9,135,248,18,1998,0.03
"219",207,"Crumlin","d.m.r. southerndivision",NA,870,763,16,378,3306,6493,438,1280,296,4826,2455,295,42832,0.645
"220",20448,"Crusheen","claredivision",NA,23,43,0,1,62,105,10,16,6,48,30,2,692,0.01
"221",20137,"Daingean","laois/offalydivision",NA,127,79,0,6,205,291,24,40,19,150,263,25,2458,0.037
"222",2088,"Delvin","westmeathdivision",NA,94,143,1,8,271,409,16,306,8,204,200,17,3354,0.05
"223",20381,"Dingle","kerrydivision",NA,218,252,0,4,91,209,20,109,13,181,959,16,4144,0.062
"224",20268,"Dolla","tipperarydivision",NA,7,25,0,0,61,65,3,15,1,26,56,1,520,0.008
"225",20658,"Donegal Town","donegaldivision",NA,402,310,1,4,197,626,121,253,26,378,1642,84,8088,0.122
"226",20323,"Doneraile","cork northdivision",NA,68,58,0,0,112,263,13,65,9,150,148,7,1786,0.027
"227",205,"Donnybrook","d.m.r. south centraldivision",NA,703,1030,10,306,3913,9841,651,688,204,2791,3640,201,47956,0.722
"228",20294,"Douglas","cork citydivision",NA,602,750,6,61,993,3040,149,795,73,1641,1979,151,20480,0.308
"229",20617,"Dowra","cavan/monaghandivision",NA,22,9,0,0,23,42,2,0,2,20,72,3,390,0.006
"230",20350,"Drimoleague","cork westdivision",NA,49,51,0,0,69,136,8,80,3,78,92,7,1146,0.017
"231",20359,"Drinagh","cork westdivision",NA,20,6,0,1,23,35,9,14,2,29,11,9,318,0.005
"232",2047,"Drogheda","louthdivision",NA,2046,1996,18,312,4635,9399,716,2091,400,5513,6919,988,70066,1.054
"233",2055,"Drumad","louthdivision",NA,111,95,0,17,272,731,43,33,55,412,178,21,3936,0.059
"234",20327,"Drumcollogher","limerickdivision",NA,71,40,0,3,213,229,23,20,10,122,96,9,1672,0.025
"235",2097,"Drumlish","roscommon/longforddivision",NA,93,77,0,0,97,160,19,16,2,106,155,25,1500,0.023
"236",20608,"Drumshambo","sligo/leitrimdivision",NA,126,90,1,4,151,294,25,10,26,223,501,13,2928,0.044
"237",2022,"Dublin Airport","d.m.r. northerndivision",NA,140,271,61,8,52,2500,1392,443,170,328,1057,114,13072,0.197
"238",2081,"Duleek","meathdivision",NA,178,133,1,28,736,1093,55,62,25,581,216,26,6268,0.094
"239",20641,"Dun Fionnachaid","donegaldivision",NA,57,59,3,1,96,131,6,5,10,151,222,3,1488,0.022
"240",203,"Dun Laoghaire","d.m.r. easterndivision",NA,1441,802,10,374,5117,11182,716,1924,264,5214,7830,2467,74682,1.124
"241",2065,"Dunboyne","meathdivision",NA,437,352,1,98,968,2349,137,186,49,803,524,31,11870,0.179
"242",20195,"Duncannon","wexforddivision",NA,117,72,0,4,297,412,20,84,8,198,99,26,2674,0.04
"243",2052,"Dundalk","louthdivision",NA,2484,2347,20,441,4314,11469,999,1468,545,7941,7339,1023,80780,1.216
"244",2045,"Dundrum","d.m.r. easterndivision",NA,1143,1062,10,413,6354,15470,964,2486,222,5475,3893,402,75788,1.141
"245",20213,"Dungarvan","waterforddivision",NA,1001,843,9,45,1030,2885,189,982,183,1895,3340,227,25258,0.38
"246",20164,"Dunlavin","wicklowdivision",NA,76,57,2,6,317,328,10,26,6,175,209,9,2442,0.037
"247",2050,"Dunleer","louthdivision",NA,198,136,2,9,328,639,50,53,18,392,258,24,4214,0.063
"248",20358,"Dunmanway","cork westdivision",NA,212,145,1,10,149,452,41,172,32,376,708,35,4666,0.07
"249",20207,"Dunmore East","waterforddivision",NA,92,108,0,4,211,367,5,70,4,236,237,8,2684,0.04
"250",20548,"Dunmore","galwaydivision",NA,82,51,0,1,77,203,10,16,3,87,181,10,1442,0.022
"251",2067,"Dunshaughlin","meathdivision",NA,293,298,0,36,763,1441,83,89,21,486,400,173,8166,0.123
"252",20119,"Durrow","laois/offalydivision",NA,63,90,2,6,188,278,15,55,7,109,191,6,2020,0.03
"253",20348,"Durrus","cork westdivision",NA,27,22,0,0,32,73,3,25,0,47,31,4,528,0.008
"254",20138,"Edenderry","laois/offalydivision",NA,469,301,3,34,820,1218,106,282,75,845,872,100,10250,0.154
"255",20105,"Edgeworthstown","roscommon/longforddivision",NA,289,194,6,24,496,703,51,140,52,467,414,43,5758,0.087
"256",20533,"Elphin","roscommon/longforddivision",NA,44,38,0,3,75,100,14,25,2,60,74,6,882,0.013
"257",20282,"Emly","tipperarydivision",NA,52,24,0,2,47,63,5,17,5,75,55,9,708,0.011
"258",20667,"Emyvale","cavan/monaghandivision",NA,140,152,0,2,149,496,39,40,11,178,153,28,2776,0.042
"259",2071,"Enfield","meathdivision",NA,142,189,1,22,386,814,57,43,19,297,237,10,4434,0.067
"260",20447,"Ennis","claredivision",NA,1591,1676,10,146,1927,6433,528,2070,367,3187,6906,1419,52520,0.79
"261",20185,"Enniscorthy","wexforddivision",NA,906,851,1,47,1391,2970,317,755,94,1961,2634,271,24396,0.367
"262",20564,"Enniscrone","sligo/leitrimdivision",NA,135,151,0,3,194,294,32,50,6,202,249,18,2668,0.04
"263",2041,"Enniskerry","wicklowdivision",NA,70,51,0,20,397,998,15,98,17,481,109,14,4540,0.068
"264",20468,"Ennistymon","claredivision",NA,287,289,0,3,298,813,33,120,26,597,1160,70,7392,0.111
"265",20495,"Eyrecourt","galwaydivision",NA,35,23,1,0,84,128,5,6,9,77,33,10,822,0.012
"266",20400,"Farranfore","kerrydivision",NA,52,108,0,1,96,126,12,69,4,62,57,9,1192,0.018
"267",20128,"Ferbane","laois/offalydivision",NA,108,104,2,0,210,364,25,30,14,186,200,19,2524,0.038
"268",20312,"Fermoy","cork northdivision",NA,435,595,2,11,309,1140,180,819,74,875,2174,263,13754,0.207
"269",20187,"Ferns","wexforddivision",NA,93,86,3,5,319,457,24,38,7,222,181,15,2900,0.044
"270",20208,"Ferrybank","waterforddivision",NA,285,290,4,23,491,766,48,257,39,502,428,88,6442,0.097
"271",20255,"Fethard","tipperarydivision",NA,148,124,2,5,301,306,18,109,33,293,239,15,3186,0.048
"272",2030,"Finglas","d.m.r. westerndivision",NA,1635,1406,20,1113,3322,12599,648,4395,1014,7899,5538,684,80546,1.212
"273",2033,"Fitzgibbon Street","d.m.r. north centraldivision",NA,1627,911,16,1097,3240,11613,599,2329,729,5202,4721,423,65014,0.978
"274",20585,"Foxford","mayodivision",NA,102,117,0,0,145,297,20,65,8,162,181,9,2212,0.033
"275",20427,"Foynes","limerickdivision",NA,125,84,2,4,176,310,18,30,6,179,140,27,2202,0.033
"276",20534,"Frenchpark","roscommon/longforddivision",NA,76,56,0,4,116,258,11,40,7,107,138,4,1634,0.025
"277",20229,"Freshford","kilkenny/carlowdivision",NA,37,41,0,1,117,116,5,17,7,30,54,2,854,0.013
"278",20475,"Gaillimh","galwaydivision",NA,3841,2945,25,413,5137,19122,1450,3444,448,7846,19298,2262,132462,1.993
"279",2076,"Garristown","d.m.r. northerndivision",NA,41,50,0,9,238,412,9,29,7,92,48,9,1888,0.028
"280",20308,"Glanmire","cork citydivision",NA,357,394,1,22,410,1656,146,420,72,900,1015,80,10946,0.165
"281",20325,"Glantaine","cork northdivision",NA,48,70,0,0,77,144,5,30,2,71,90,4,1082,0.016
"282",22222,"Glasson","westmeath","EASTERN REGION",36,50,0,1,137,274,10,11,2,60,31,3,1230,0.019
"283",20571,"Gleann na Muaidhe","mayodivision",NA,61,23,0,0,22,42,3,3,2,92,201,3,904,0.014
"284",20547,"Glenamaddy","galwaydivision",NA,65,40,0,1,44,94,13,4,4,48,70,10,786,0.012
"285",20390,"Glenbeigh","kerrydivision",NA,42,35,0,0,36,35,5,14,0,22,72,1,524,0.008
"286",20347,"Glengarriff","cork westdivision",NA,27,32,0,2,30,132,5,22,2,84,42,15,786,0.012
"287",20211,"Glenmore","kilkenny/carlowdivision",NA,26,44,0,1,141,162,4,28,7,71,35,2,1042,0.016
"288",20428,"Glin","limerickdivision",NA,36,22,1,5,93,137,11,21,3,90,59,26,1008,0.015
"289",20177,"Glynn","wexforddivision",NA,41,54,0,0,130,110,13,41,3,72,28,9,1002,0.015
"290",20588,"Gob an Choire","mayodivision",NA,59,49,0,0,21,64,7,8,2,70,51,1,664,0.01
"291",20283,"Golden","tipperarydivision",NA,27,42,0,1,80,104,4,29,1,36,28,2,708,0.011
"292",20232,"Goresbridge","kilkenny/carlowdivision",NA,36,82,0,8,245,358,11,77,6,168,113,9,2226,0.033
"293",20180,"Gorey","wexforddivision",NA,624,919,6,38,1368,2631,185,517,113,1138,2286,407,20464,0.308
"294",20507,"Gort","galwaydivision",NA,213,420,1,6,244,745,80,276,26,346,811,103,6542,0.098
"295",20236,"Graiguenamanagh","kilkenny/carlowdivision",NA,82,117,0,6,240,361,17,60,12,196,242,10,2686,0.04
"296",20103,"Granard","roscommon/longforddivision",NA,221,200,0,12,410,595,59,96,26,404,448,61,5064,0.076
"297",20598,"Grange","sligo/leitrimdivision",NA,57,98,0,2,178,348,23,34,5,181,83,19,2056,0.031
"298",2043,"Greystones","wicklowdivision",NA,579,381,4,92,2098,3933,201,429,106,2161,1777,115,23752,0.357
"299",20302,"Gurranabraher","cork citydivision",NA,1412,855,7,135,1137,3559,180,2203,471,5024,4489,544,40032,0.602
"300",20601,"Gurteen","sligo/leitrimdivision",NA,68,44,0,2,62,181,11,31,1,99,75,10,1168,0.018
"301",2054,"Hackballscross","louthdivision",NA,21,70,0,9,168,272,12,9,6,140,53,30,1580,0.024
"302",20169,"Hacketstown","kilkenny/carlowdivision",NA,52,28,1,13,143,164,12,41,7,95,69,8,1266,0.019
"303",20479,"Headford","galwaydivision",NA,98,84,0,1,148,269,22,26,1,104,90,12,1710,0.026
"304",20417,"Henry Street","limerickdivision",NA,2876,2425,30,627,4207,21351,955,3769,917,7741,13689,2848,122870,1.849
"305",20245,"Holycross","tipperarydivision",NA,30,70,0,2,125,121,6,38,5,67,122,16,1204,0.018
"306",20434,"Hospital Co Limerick","limerickdivision",NA,103,59,0,5,139,269,18,63,10,161,185,16,2056,0.031
"307",2029,"Howth","d.m.r. northerndivision",NA,388,431,5,198,1906,4205,186,515,125,2033,1565,135,23384,0.352
"308",20502,"Indreabhan","galwaydivision",NA,78,94,0,0,48,95,13,6,6,83,85,8,1032,0.016
"309",20336,"Innishannon","cork westdivision",NA,32,111,0,0,66,129,9,126,9,63,68,4,1234,0.019
"310",206,"Irishtown","d.m.r. south centraldivision",NA,436,423,17,217,3327,7615,373,635,143,2757,2267,195,36810,0.554
"311",20369,"Kanturk","cork westdivision",NA,270,304,0,6,276,688,83,181,32,420,829,66,6310,0.095
"312",20535,"Keadue","roscommon/longforddivision",NA,36,18,0,1,42,100,4,67,0,34,26,8,672,0.01
"313",20345,"Kealkil","cork westdivision",NA,13,28,0,0,20,56,4,74,2,46,33,7,566,0.009
"314",20591,"Keel","mayodivision",NA,40,31,0,0,16,64,3,1,2,44,62,0,526,0.008
"315",2058,"Kells Ceanannus Mor","meathdivision",NA,650,546,2,24,767,1843,184,316,69,992,1294,179,13732,0.207
"316",2098,"Kenagh","roscommon/longforddivision",NA,43,40,0,2,111,159,8,11,4,96,23,5,1004,0.015
"317",20398,"Kenmare","kerrydivision",NA,167,213,1,1,191,450,48,89,18,232,805,42,4514,0.068
"318",20638,"Kerrykeel","donegaldivision",NA,83,84,0,0,84,135,13,9,11,206,165,10,1600,0.024
"319",2036,"Kevin Street","d.m.r. south centraldivision",NA,2087,1357,19,1265,4626,13716,851,4151,831,6197,8053,736,87778,1.321
"320",2093,"Kilbeggan","westmeathdivision",NA,105,108,0,10,346,575,29,21,5,194,113,14,3040,0.046
"321",20341,"Kilbrittain","cork westdivision",NA,15,20,0,0,31,94,11,26,8,40,37,3,570,0.009
"322",2069,"Kilcock","kildaredivision",NA,295,176,0,42,830,1559,90,111,33,637,434,182,8778,0.132
"323",20523,"Kilconnell","galwaydivision",NA,40,24,0,0,33,63,4,7,1,32,396,4,1208,0.018
"324",20129,"Kilcormac","laois/offalydivision",NA,83,51,0,1,129,222,10,22,11,201,120,13,1726,0.026
"325",20148,"Kilcullen","kildaredivision",NA,242,236,1,32,959,1182,72,160,20,519,393,39,7710,0.116
"326",20146,"Kildare","kildaredivision",NA,578,492,3,67,870,2079,218,377,73,1151,1698,127,15466,0.233
"327",20315,"Kildorrery","cork northdivision",NA,45,62,0,0,115,188,12,46,7,110,72,3,1320,0.02
"328",20460,"Kildysart","claredivision",NA,32,27,0,0,46,75,7,11,0,38,31,8,550,0.008
"329",20461,"Kilkee","claredivision",NA,287,217,0,7,291,479,43,248,35,534,1044,49,6468,0.097
"330",20583,"Kilkelly","mayodivision",NA,60,49,0,1,75,156,6,14,8,76,103,6,1108,0.017
"331",20228,"Kilkenny","kilkenny/carlowdivision",NA,2444,1849,7,119,3221,8942,648,2726,274,3187,10549,820,69572,1.047
"332",20221,"Kill Co Waterford","waterforddivision",NA,63,34,0,1,104,204,5,37,3,121,96,5,1346,0.02
"333",20559,"Killala","mayodivision",NA,70,84,1,0,75,213,15,25,7,153,113,4,1520,0.023
"334",20462,"Killaloe","claredivision",NA,284,342,3,6,452,1113,57,306,52,520,672,154,7922,0.119
"335",20396,"Killarney","kerrydivision",NA,1139,1307,6,40,894,3386,266,1233,147,1349,6394,446,33214,0.5
"336",20330,"Killeagh","cork northdivision",NA,87,161,0,1,177,338,29,76,41,163,200,22,2590,0.039
"337",20246,"Killenaule","tipperarydivision",NA,93,99,0,3,249,386,12,89,22,187,271,21,2864,0.043
"338",20693,"Killeshandra","cavan/monaghandivision",NA,52,43,1,1,71,99,15,10,2,58,61,5,836,0.013
"339",20492,"Killimor","galwaydivision",NA,41,63,1,2,115,130,4,19,3,56,66,6,1012,0.015
"340",20392,"Killorglin","kerrydivision",NA,304,205,3,6,146,345,36,127,41,218,746,66,4486,0.068
"341",2084,"Killucan","westmeathdivision",NA,83,75,1,7,184,309,36,33,9,181,114,30,2124,0.032
"342",20212,"Kilmacow","kilkenny/carlowdivision",NA,37,60,0,2,112,124,7,38,5,57,65,4,1022,0.015
"343",20640,"Kilmacrennan","donegaldivision",NA,153,166,1,3,71,203,11,24,15,141,184,12,1968,0.03
"344",20222,"Kilmacthomas","waterforddivision",NA,91,85,1,3,180,274,7,69,24,186,218,13,2302,0.035
"345",20573,"Kilmaine","mayodivision",NA,20,36,0,0,34,59,6,2,0,35,45,1,476,0.007
"346",204,"Kilmainham","d.m.r. south centraldivision",NA,1778,1359,22,804,3558,10493,536,1933,623,6387,6233,2775,73002,1.099
"347",20436,"Kilmallock","limerickdivision",NA,341,138,1,3,342,621,78,112,41,413,791,110,5982,0.09
"348",20223,"Kilmeaden","waterforddivision",NA,24,93,0,7,164,235,14,54,12,81,63,7,1508,0.023
"349",20240,"Kilmoganny","kilkenny/carlowdivision",NA,20,16,0,1,95,78,1,10,6,56,16,7,612,0.009
"350",20176,"Kilmore Quay","wexforddivision",NA,131,111,1,2,310,404,11,106,14,291,87,34,3004,0.045
"351",20680,"Kilnaleck","cavan/monaghandivision",NA,145,200,1,3,234,359,24,23,6,153,134,24,2612,0.039
"352",20497,"Kilrickle","galwaydivision",NA,25,66,0,0,67,163,17,8,2,62,65,4,958,0.014
"353",20455,"Kilrush","claredivision",NA,406,219,4,17,352,770,68,291,119,997,1021,182,8892,0.134
"354",20252,"Kilsheelan","tipperarydivision",NA,28,35,0,0,82,94,5,34,2,32,70,5,774,0.012
"355",20581,"Kiltimagh","mayodivision",NA,114,59,0,1,120,311,22,45,19,268,221,24,2408,0.036
"356",20524,"Kiltormer","galwaydivision",NA,11,25,0,0,38,60,0,1,2,25,29,0,382,0.006
"357",20316,"Kilworth","cork northdivision",NA,28,61,0,0,77,108,11,56,3,73,71,15,1006,0.015
"358",20683,"Kingscourt","cavan/monaghandivision",NA,260,196,1,7,182,398,48,120,14,225,344,42,3674,0.055
"359",20615,"Kinlough","sligo/leitrimdivision",NA,88,51,2,2,94,248,10,39,6,155,140,19,1708,0.026
"360",2085,"Kinnegad","westmeathdivision",NA,204,219,0,22,423,765,53,78,12,452,439,40,5414,0.081
"361",20130,"Kinnitty","laois/offalydivision",NA,25,19,0,2,108,149,3,18,3,61,59,3,900,0.014
"362",20340,"Kinsale","cork westdivision",NA,702,396,4,5,346,1278,92,594,49,1029,1975,87,13114,0.197
"363",20510,"Kinvara","galwaydivision",NA,32,67,0,0,50,120,13,53,5,70,116,5,1062,0.016
"364",20575,"Knock","mayodivision",NA,37,65,0,1,84,209,10,13,5,89,58,4,1150,0.017
"365",20410,"Knocknagoshel","kerrydivision",NA,88,67,3,0,93,98,6,18,7,109,429,35,1906,0.029
"366",20101,"Lanesboro","roscommon/longforddivision",NA,75,62,1,3,154,318,32,23,4,154,165,1,1984,0.03
"367",2051,"Laytown","meathdivision",NA,525,515,5,81,1459,3439,124,392,64,1566,815,36,18042,0.272
"368",20478,"Leach Seoirse","galwaydivision",NA,192,280,1,7,510,698,71,75,10,268,197,26,4670,0.07
"369",20226,"Leamybrien","waterforddivision",NA,55,56,0,3,164,281,6,32,10,114,62,6,1578,0.024
"370",20504,"Leitir Mor","galwaydivision",NA,73,33,0,0,30,53,1,0,5,47,41,12,590,0.009
"371",2011,"Leixlip","kildaredivision",NA,483,297,3,132,1106,2343,148,262,55,1591,2111,108,17278,0.26
"372",20485,"Letterfrack","galwaydivision",NA,44,81,0,0,54,120,15,24,4,91,77,5,1030,0.016
"373",20619,"Letterkenny","donegaldivision",NA,2838,1772,6,83,1402,6014,574,1165,213,4067,8841,682,55314,0.832
"374",20625,"Lifford","donegaldivision",NA,206,98,3,13,165,296,78,37,13,436,228,31,3208,0.048
"375",20326,"Liscarroll","cork northdivision",NA,35,25,0,1,74,125,0,15,4,55,29,1,728,0.011
"376",20473,"Lisdoonvarna","claredivision",NA,86,81,0,0,78,240,7,16,1,129,231,9,1756,0.026
"377",20219,"Lismore","waterforddivision",NA,97,66,0,2,198,232,26,38,14,162,190,20,2090,0.031
"378",20449,"Lissycasey","claredivision",NA,62,80,0,1,71,136,17,33,7,100,68,6,1162,0.017
"379",20404,"Listowel","kerrydivision",NA,564,542,0,20,422,1019,75,557,109,700,3407,333,15496,0.233
"380",20250,"Littleton","tipperarydivision",NA,46,62,0,2,135,266,12,54,16,149,119,20,1762,0.027
"381",20411,"Lixnaw","kerrydivision",NA,64,74,0,0,75,113,9,50,12,91,101,13,1204,0.018
"382",2096,"Longford","roscommon/longforddivision",NA,1091,973,7,84,1486,3683,385,955,201,1944,2873,451,28266,0.425
"383",2068,"Longwood","meathdivision",NA,69,40,0,8,200,332,6,24,7,158,74,12,1860,0.028
"384",20133,"Lorrha","tipperarydivision",NA,24,19,1,2,62,96,4,2,3,40,108,1,724,0.011
"385",20490,"Loughrea","galwaydivision",NA,533,488,1,9,438,1235,185,206,43,746,1828,184,11792,0.177
"386",20590,"Louisburgh","mayodivision",NA,48,50,1,0,69,137,8,20,5,134,37,3,1024,0.015
"387",2057,"Louth","louthdivision",NA,69,58,1,6,196,306,13,9,6,187,76,19,1892,0.028
"388",2010,"Lucan","d.m.r. westerndivision",NA,847,1239,22,277,2585,8740,548,1022,196,3704,2574,337,44182,0.665
"389",2074,"Lusk","d.m.r. northerndivision",NA,423,604,2,79,1032,3176,99,269,63,1047,745,113,15304,0.23
"390",20361,"Macroom","cork westdivision",NA,321,408,0,13,276,831,155,395,39,491,1361,101,8782,0.132
"391",20499,"Maigh Cuilinn","galwaydivision",NA,46,72,0,2,135,212,13,35,4,113,71,9,1424,0.021
"392",2024,"Malahide","d.m.r. northerndivision",NA,650,426,5,180,2427,5491,298,729,101,3062,2353,117,31678,0.477
"393",20320,"Mallow","cork northdivision",NA,896,918,4,28,573,2245,224,1105,143,1214,3419,369,22276,0.335
"394",20612,"Manorhamilton","sligo/leitrimdivision",NA,173,157,0,2,192,567,54,62,36,288,479,44,4108,0.062
"395",20298,"Mayfield","cork citydivision",NA,558,580,4,86,536,2234,106,705,118,2203,1919,169,18436,0.277
"396",20145,"Maynooth","kildaredivision",NA,591,497,2,130,1618,4007,209,184,31,1515,1476,52,20624,0.31
"397",20418,"Mayorstone Park","limerickdivision",NA,1629,1147,14,316,2404,7601,292,2278,875,6968,5054,1660,60476,0.91
"398",20328,"Midleton","cork northdivision",NA,457,903,3,13,560,1944,214,987,62,1101,2043,297,17168,0.258
"399",20324,"Milford Co Cork","cork northdivision",NA,32,35,2,2,59,100,2,12,4,54,47,4,706,0.011
"400",20636,"Milford","donegaldivision",NA,203,102,2,3,54,205,22,28,9,177,596,21,2844,0.043
"401",20374,"Millstreet Co. Cork","cork westdivision",NA,155,104,0,1,114,347,28,347,9,209,339,16,3338,0.05
"402",20545,"Milltown","galwaydivision",NA,14,55,1,0,42,112,14,5,2,30,22,5,604,0.009
"403",20474,"Miltown Malbay","claredivision",NA,126,97,1,1,138,339,13,88,9,269,257,37,2750,0.041
"404",20317,"Mitchelstown","cork northdivision",NA,242,290,1,5,327,780,118,766,34,492,891,72,8036,0.121
"405",2094,"Moate","westmeathdivision",NA,129,178,0,12,330,471,42,58,19,283,249,14,3570,0.054
"406",20610,"Mohill","sligo/leitrimdivision",NA,175,186,3,3,289,463,35,40,22,339,655,30,4480,0.067
"407",20662,"Monaghan","cavan/monaghandivision",NA,1457,1706,4,17,559,2658,352,706,89,1749,3855,519,27342,0.411
"408",20149,"Monasterevin","kildaredivision",NA,262,136,1,37,526,1077,59,131,24,483,287,20,6086,0.092
"409",20279,"Moneygall","tipperarydivision",NA,16,52,0,1,76,80,2,7,1,28,48,2,626,0.009
"410",20481,"Monivea","galwaydivision",NA,40,27,2,0,54,57,2,6,0,21,82,5,592,0.009
"411",20210,"Mooncoin","kilkenny/carlowdivision",NA,62,68,0,4,132,208,12,40,8,127,120,14,1590,0.024
"412",20526,"Mountbellew","galwaydivision",NA,87,109,0,1,153,262,43,15,8,99,280,15,2144,0.032
"413",20697,"Mountcharles","donegaldivision",NA,29,69,0,0,53,86,6,13,5,64,168,5,996,0.015
"414",2034,"Mountjoy","d.m.r. north centraldivision",NA,1857,926,15,829,3763,11322,826,2124,517,5133,4864,1533,67418,1.015
"415",20112,"Mountmellick","laois/offalydivision",NA,364,168,3,22,503,946,64,219,76,703,532,58,7316,0.11
"416",20113,"Mountrath","laois/offalydivision",NA,209,150,2,17,520,599,39,57,18,363,184,31,4378,0.066
"417",20634,"Moville","donegaldivision",NA,230,122,2,2,172,300,51,74,29,327,292,21,3244,0.049
"418",20529,"Moylough","galwaydivision",NA,27,39,0,0,56,98,18,3,1,22,30,7,602,0.009
"419",20275,"Moyne","tipperarydivision",NA,14,14,0,1,64,95,2,18,6,27,16,2,518,0.008
"420",20635,"Muff","donegaldivision",NA,115,131,2,17,160,348,55,29,14,198,174,4,2494,0.038
"421",20159,"Muine Bheag","kilkenny/carlowdivision",NA,343,178,1,12,697,957,60,134,39,770,618,26,7670,0.115
"422",20684,"Mullagh","cavan/monaghandivision",NA,102,99,1,8,116,266,15,19,5,89,86,17,1646,0.025
"423",20253,"Mullinahone","tipperarydivision",NA,37,30,0,3,116,105,7,42,6,51,116,2,1030,0.016
"424",20241,"Mullinavat","kilkenny/carlowdivision",NA,31,49,0,2,101,187,9,37,6,69,40,25,1112,0.017
"425",2083,"Mullingar","westmeathdivision",NA,1561,1825,13,140,1910,6031,517,1517,249,3786,6090,1179,49636,0.747
"426",20109,"Multyfarnham","westmeathdivision",NA,31,50,0,2,146,265,6,26,3,91,51,2,1346,0.02
"427",20439,"Murroe","limerickdivision",NA,52,32,0,2,121,330,15,42,12,156,82,32,1752,0.026
"428",20158,"Myshall","kilkenny/carlowdivision",NA,40,34,0,4,92,130,5,16,4,57,26,9,834,0.013
"429",20661,"Na Cealla Beaga","donegaldivision",NA,175,114,0,2,100,203,52,131,19,148,661,15,3240,0.049
"430",20646,"Na Gleannta","donegaldivision",NA,158,90,0,0,43,130,15,37,17,126,1249,33,3796,0.057
"431",20141,"Naas","kildaredivision",NA,1375,1837,11,195,3418,8813,677,4360,209,3615,4418,1207,60270,0.907
"432",2078,"Navan","meathdivision",NA,1094,1546,9,200,2517,7158,370,1049,260,2918,3590,1007,43436,0.654
"433",20264,"Nenagh","tipperarydivision",NA,606,911,5,23,757,2033,162,874,129,858,2099,260,17434,0.262
"434",20192,"New Ross","wexforddivision",NA,709,621,3,29,1081,1890,175,539,89,1303,1907,162,17016,0.256
"435",20150,"Newbridge","kildaredivision",NA,1194,915,9,184,2380,4654,291,1085,152,2050,2631,165,31420,0.473
"436",20440,"Newcastle West","limerickdivision",NA,605,475,4,29,613,1761,140,268,90,1094,1463,295,13674,0.206
"437",20373,"Newmarket","cork westdivision",NA,135,128,0,5,148,306,32,88,10,171,480,9,3024,0.046
"438",20450,"Newmarket on Fergus","claredivision",NA,105,88,0,3,96,315,16,77,8,150,214,24,2192,0.033
"439",20587,"Newport Co Mayo","mayodivision",NA,52,74,0,2,105,213,18,31,10,123,118,11,1514,0.023
"440",20702,"Newport Co Tipperary","tipperarydivision",NA,83,119,0,7,224,538,27,100,20,215,204,29,3132,0.047
"441",20623,"Newtowncunningham","donegaldivision",NA,177,125,0,16,184,355,12,53,17,358,223,43,3126,0.047
"442",20202,"Newtownmountkennedy","wicklowdivision",NA,188,145,0,14,662,728,41,184,47,440,257,31,5474,0.082
"443",2063,"Nobber","meathdivision",NA,101,80,0,6,364,437,12,40,7,161,85,11,2608,0.039
"444",2062,"Oldcastle","meathdivision",NA,197,140,2,13,270,505,38,56,16,283,258,18,3592,0.054
"445",2056,"Omeath","louthdivision",NA,39,34,0,7,146,348,12,15,6,250,120,11,1976,0.03
"446",20286,"Oola","limerickdivision",NA,21,25,0,1,63,98,8,29,6,58,19,3,662,0.01
"447",20498,"Oughterard","galwaydivision",NA,82,51,0,0,120,267,16,22,1,149,112,16,1672,0.025
"448",20190,"Oulart","wexforddivision",NA,84,69,0,3,192,263,18,26,9,136,60,6,1732,0.026
"449",20189,"Oylegate","wexforddivision",NA,54,98,0,1,194,200,7,40,8,104,82,5,1586,0.024
"450",20437,"Pallasgreen","limerickdivision",NA,51,56,1,3,128,273,28,52,7,140,84,9,1664,0.025
"451",20425,"Pallaskenry","limerickdivision",NA,78,64,0,6,132,378,9,29,6,149,109,15,1950,0.029
"452",20555,"Partry","mayodivision",NA,36,72,0,0,87,175,9,3,6,64,52,3,1014,0.015
"453",20209,"Passage East","waterforddivision",NA,23,41,1,3,94,197,3,42,7,80,44,1,1072,0.016
"454",20297,"Passage West","cork citydivision",NA,256,113,0,4,182,565,21,128,12,563,345,40,4458,0.067
"455",20420,"Patrickswell","limerickdivision",NA,136,120,2,12,291,691,33,43,15,320,146,28,3674,0.055
"456",201,"Pearse Street","d.m.r. south centraldivision",NA,6094,1781,30,2314,7732,62793,3514,4597,1355,7169,32894,1807,264160,3.975
"457",20659,"Pettigo","donegaldivision",NA,21,6,0,0,29,55,3,6,1,33,31,2,374,0.006
"458",20257,"Piltown","kilkenny/carlowdivision",NA,60,61,2,8,173,211,10,77,11,121,95,6,1670,0.025
"459",20114,"Portarlington","laois/offalydivision",NA,476,399,4,42,946,1742,110,415,83,931,841,111,12200,0.184
"460",20111,"Portlaoise","laois/offalydivision",NA,1449,1345,8,126,1918,6616,450,2066,176,2738,3384,812,42176,0.635
"461",20224,"Portlaw","waterforddivision",NA,109,66,2,6,108,213,8,94,12,194,169,9,1980,0.03
"462",20391,"Portmagee","kerrydivision",NA,39,31,0,0,21,63,3,17,0,61,41,14,580,0.009
"463",20269,"Portroe","tipperarydivision",NA,20,28,0,0,66,115,2,36,2,39,68,0,752,0.011
"464",20496,"Portumna","galwaydivision",NA,106,79,0,4,222,481,31,43,8,194,184,22,2748,0.041
"465",2026,"Raheny","d.m.r. northerndivision",NA,603,560,4,404,2179,4470,290,943,193,2706,1924,212,28976,0.436
"466",20644,"Ramelton","donegaldivision",NA,111,98,1,1,43,129,14,30,13,138,175,7,1520,0.023
"467",20624,"Raphoe","donegaldivision",NA,340,119,4,12,217,394,31,29,17,394,277,20,3708,0.056
"468",20151,"Rathangan","kildaredivision",NA,218,56,1,10,353,660,18,37,15,352,259,12,3982,0.06
"469",2014,"Rathcoole","d.m.r. westerndivision",NA,304,444,3,137,1415,3598,155,245,75,1194,732,56,16716,0.252
"470",20313,"Rathcormac Co Cork","cork northdivision",NA,70,147,0,3,149,306,36,169,19,146,173,19,2474,0.037
"471",20120,"Rathdowney","laois/offalydivision",NA,114,86,0,5,236,319,17,33,9,169,195,8,2382,0.036
"472",20201,"Rathdrum","wicklowdivision",NA,161,142,0,21,449,1036,29,161,40,456,251,19,5530,0.083
"473",2015,"Rathfarnham","d.m.r. southerndivision",NA,1323,1296,13,487,5681,11222,648,2930,279,5464,5129,494,69932,1.052
"474",20225,"Rathgormack","waterforddivision",NA,35,24,0,0,69,128,4,9,2,69,19,2,722,0.011
"475",20430,"Rathkeale","limerickdivision",NA,258,226,2,10,413,600,46,70,41,485,476,103,5460,0.082
"476",2017,"Rathmines","d.m.r. southerndivision",NA,999,608,10,349,3999,9706,572,1763,178,3876,3860,260,52360,0.788
"477",20376,"Rathmore Co Kerry","kerrydivision",NA,89,126,0,0,153,252,15,44,6,146,185,5,2042,0.031
"478",20645,"Rathmullen","donegaldivision",NA,45,27,0,1,17,52,4,10,5,93,111,4,738,0.011
"479",20170,"Rathvilly","kilkenny/carlowdivision",NA,45,33,1,3,144,123,6,42,7,149,58,5,1232,0.019
"480",20139,"Rhode","laois/offalydivision",NA,84,47,1,1,195,241,18,51,8,110,91,6,1706,0.026
"481",20602,"Riverstown","sligo/leitrimdivision",NA,42,80,0,2,120,192,23,21,4,80,107,16,1374,0.021
"482",20147,"Robertstown","kildaredivision",NA,227,149,1,33,538,711,23,162,31,421,198,59,5106,0.077
"483",2086,"Rochfortbridge","westmeathdivision",NA,95,108,0,9,234,373,27,52,16,167,328,15,2848,0.043
"484",20674,"Rockcorry","cavan/monaghandivision",NA,28,29,1,0,40,75,2,14,4,30,39,4,532,0.008
"485",2013,"Ronanstown","d.m.r. westerndivision",NA,1661,1126,15,484,2622,12238,449,3466,703,5594,3563,2021,67884,1.022
"486",20611,"Roosky","roscommon/longforddivision",NA,47,63,1,1,164,227,8,16,5,83,73,9,1394,0.021
"487",20501,"Ros Muc","galwaydivision",NA,26,11,0,0,18,37,2,2,3,27,21,1,296,0.004
"488",20514,"Roscommon","roscommon/longforddivision",NA,602,586,0,16,604,1809,196,238,46,742,1523,182,13088,0.197
"489",20274,"Roscrea","tipperarydivision",NA,288,343,1,12,543,928,118,276,82,401,1217,110,8638,0.13
"490",20354,"Rosscarbery","cork westdivision",NA,56,83,0,1,93,228,10,53,3,128,105,8,1536,0.023
"491",20597,"Rosses Point","sligo/leitrimdivision",NA,24,54,0,3,48,157,7,20,6,52,26,1,796,0.012
"492",20179,"Rosslare Harbour","wexforddivision",NA,146,111,1,1,328,463,81,101,15,298,211,68,3648,0.055
"493",20178,"Rosslare Strand","wexforddivision",NA,121,84,1,5,330,392,31,55,16,219,141,18,2826,0.043
"494",20204,"Roundwood","wicklowdivision",NA,95,73,0,6,244,943,19,278,22,312,69,6,4134,0.062
"495",20419,"Roxboro Road","limerickdivision",NA,2371,1624,20,381,4042,13351,731,2637,665,9183,5438,1502,83890,1.262
"496",2019,"Santry","d.m.r. northerndivision",NA,1454,1628,12,760,4140,12347,687,1219,283,5041,3985,344,63800,0.96
"497",20464,"Scariff","claredivision",NA,125,108,0,4,203,397,6,75,15,186,158,20,2594,0.039
"498",20344,"Schull","cork westdivision",NA,105,49,0,1,47,244,18,39,2,207,131,5,1696,0.026
"499",20666,"Scotstown","cavan/monaghandivision",NA,126,88,0,2,60,128,6,11,7,116,92,56,1384,0.021
"500",2042,"Shankill","d.m.r. easterndivision",NA,965,511,11,249,2292,4424,197,1036,185,3489,2429,214,32004,0.482
"501",20452,"Shannon","claredivision",NA,721,545,1,55,447,2084,221,693,109,1465,2076,140,17114,0.258
"502",20685,"Shercock","cavan/monaghandivision",NA,87,75,0,2,95,147,16,19,7,75,108,11,1284,0.019
"503",20278,"Shevry","tipperarydivision",NA,3,20,0,0,44,36,6,7,2,6,30,0,308,0.005
"504",20167,"Shillelagh","wicklowdivision",NA,62,43,0,3,200,264,2,20,6,83,27,0,1420,0.021
"505",20131,"Shinrone","laois/offalydivision",NA,37,34,0,1,95,135,10,16,6,92,146,3,1150,0.017
"506",20578,"Shrule","mayodivision",NA,27,44,1,0,43,64,8,10,1,46,39,1,568,0.009
"507",20454,"Sixmilebridge","claredivision",NA,102,143,3,2,298,558,21,128,19,257,274,32,3674,0.055
"508",2073,"Skerries","d.m.r. northerndivision",NA,347,260,2,57,744,1383,75,154,33,1031,675,53,9628,0.145
"509",20355,"Skibbereen","cork westdivision",NA,323,204,2,12,214,676,115,179,22,543,960,94,6688,0.101
"510",20594,"Skreen","sligo/leitrimdivision",NA,15,21,0,1,44,72,3,4,1,32,13,5,422,0.006
"511",2082,"Slane","meathdivision",NA,93,85,2,4,444,733,15,214,6,263,176,25,4120,0.062
"512",20592,"Sligo","sligo/leitrimdivision",NA,1846,1282,9,133,1953,6878,680,1778,396,5764,6146,770,55270,0.832
"513",20106,"Smear","roscommon/longforddivision",NA,40,30,0,1,76,90,5,4,1,43,57,5,704,0.011
"514",20394,"Sneem","kerrydivision",NA,35,35,0,0,36,94,10,38,4,39,42,3,672,0.01
"515",20484,"Sraith Salach","galwaydivision",NA,4,24,0,0,17,45,2,5,2,21,12,4,272,0.004
"516",20237,"Stoneyford","kilkenny/carlowdivision",NA,21,43,0,1,83,130,36,15,2,60,36,4,862,0.013
"517",2032,"Store Street","d.m.r. north centraldivision",NA,3611,1608,30,1664,3914,63008,2535,6473,1573,7472,27728,2131,243494,3.664
"518",20115,"Stradbally Co Laois","laois/offalydivision",NA,84,138,1,14,287,686,29,2731,22,157,243,7,8798,0.132
"519",20517,"Strokestown","roscommon/longforddivision",NA,80,76,1,1,116,166,15,35,5,102,72,22,1382,0.021
"520",20362,"Stuake","cork westdivision",NA,44,67,0,1,73,121,5,29,7,52,67,5,942,0.014
"521",2070,"Summerhill","meathdivision",NA,56,129,0,12,314,424,30,50,6,178,94,13,2612,0.039
"522",208,"Sundrive Road","d.m.r. southerndivision",NA,1152,843,4,486,3018,6024,304,2540,500,5019,2916,348,46308,0.697
"523",20692,"Swanlinbar","cavan/monaghandivision",NA,24,22,0,0,45,67,3,1,1,37,36,4,480,0.007
"524",20580,"Swinford","mayodivision",NA,216,150,5,5,161,405,35,54,13,366,572,43,4050,0.061
"525",2025,"Swords","d.m.r. northerndivision",NA,1589,1718,19,334,3174,11455,750,3833,276,5028,5217,2232,71250,1.072
"526",20173,"Taghmon","wexforddivision",NA,83,149,1,2,257,373,34,71,8,301,179,21,2958,0.045
"527",2016,"Tallaght","d.m.r. southerndivision",NA,4225,3230,34,1386,10481,24317,1098,6785,1251,13711,10590,4139,162494,2.445
"528",20215,"Tallow","waterforddivision",NA,48,57,1,0,105,123,5,31,7,72,77,19,1090,0.016
"529",20413,"Tarbert","kerrydivision",NA,30,49,0,4,86,107,4,35,6,60,171,2,1108,0.017
"530",20368,"Tarelton","cork westdivision",NA,24,46,0,1,45,188,9,40,3,48,21,2,854,0.013
"531",20527,"Taughmaconnell","roscommon/longforddivision",NA,7,14,0,0,30,34,1,3,1,15,15,0,240,0.004
"532",20276,"Templederry","tipperarydivision",NA,10,5,0,1,12,19,0,0,2,6,9,0,128,0.002
"533",20272,"Templemore","tipperarydivision",NA,244,180,0,8,264,594,42,106,34,400,838,87,5594,0.084
"534",20273,"Templetuohy","tipperarydivision",NA,29,28,1,0,45,74,1,2,5,29,95,1,620,0.009
"535",2018,"Terenure","d.m.r. southerndivision",NA,607,964,5,292,3208,6078,350,1446,182,3116,1789,184,36442,0.548
"536",20234,"Thomastown","kilkenny/carlowdivision",NA,149,149,1,3,169,474,101,156,30,263,405,26,3852,0.058
"537",20243,"Thurles","tipperarydivision",NA,757,880,2,15,836,2319,221,757,119,1283,4772,381,24684,0.371
"538",20342,"Timoleague","cork westdivision",NA,56,59,0,0,39,76,9,34,6,57,179,6,1042,0.016
"539",20168,"Tinahely","wicklowdivision",NA,72,60,0,9,222,219,11,11,6,146,41,9,1612,0.024
"540",20280,"Tipperary","tipperarydivision",NA,608,529,3,28,592,1585,130,514,124,1217,1917,204,14902,0.224
"541",20292,"Togher","cork citydivision",NA,576,655,6,92,950,2794,192,1290,119,1923,2087,229,21826,0.328
"542",20270,"Toomevara","tipperarydivision",NA,20,45,1,2,80,158,6,33,5,59,83,2,988,0.015
"543",20379,"Tralee","kerrydivision",NA,2106,1947,8,161,1666,6699,478,2193,351,2909,10167,1215,59800,0.9
"544",20220,"Tramore","waterforddivision",NA,712,587,3,34,705,1699,98,882,98,1399,2572,117,17812,0.268
"545",2064,"Trim","meathdivision",NA,486,608,1,43,1028,2015,241,402,89,1086,1318,323,15280,0.23
"546",20543,"Tuam","galwaydivision",NA,836,569,1,20,602,1524,169,294,66,1048,1818,342,14578,0.219
"547",20600,"Tubbercurry","sligo/leitrimdivision",NA,184,134,0,5,252,377,40,67,22,290,298,59,3456,0.052
"548",20466,"Tulla","claredivision",NA,82,58,0,4,130,223,16,47,14,103,87,6,1540,0.023
"549",20134,"Tullamore","laois/offalydivision",NA,1266,1108,1,51,1645,4568,446,1165,269,2252,4438,747,35912,0.54
"550",20156,"Tullow","kilkenny/carlowdivision",NA,218,202,3,24,766,923,44,143,25,526,392,47,6626,0.1
"551",20536,"Tulsk","roscommon/longforddivision",NA,19,39,0,1,53,130,16,15,3,34,42,6,716,0.011
"552",20249,"Urlingford","kilkenny/carlowdivision",NA,127,107,1,7,313,503,27,80,17,196,321,5,3408,0.051
"553",20687,"Virginia","cavan/monaghandivision",NA,300,362,3,7,288,531,50,118,21,271,585,117,5306,0.08
"554",20300,"Watercourse Road","cork citydivision",NA,1916,1330,10,457,1786,7752,350,2184,343,5826,6188,401,57086,0.859
"555",20206,"Waterford","waterforddivision",NA,4030,2433,18,593,5866,18095,1005,6134,879,8676,15980,3413,134244,2.02
"556",20311,"Watergrasshill","cork northdivision",NA,38,86,1,0,116,216,20,60,4,81,50,10,1364,0.021
"557",20586,"Westport","mayodivision",NA,655,512,3,18,683,1265,113,234,49,1015,2607,67,14442,0.217
"558",20172,"Wexford","wexforddivision",NA,1174,1450,8,94,2322,6075,524,1877,228,3264,5108,745,45738,0.688
"559",20331,"Whitegate","cork northdivision",NA,41,54,0,1,83,188,8,74,2,124,99,7,1362,0.02
"560",20199,"Wicklow","wicklowdivision",NA,848,721,4,42,1242,2960,299,939,185,1546,2592,329,23414,0.352
"561",20544,"Williamstown","galwaydivision",NA,56,48,0,2,53,117,6,15,4,62,49,7,838,0.013
"562",20493,"Woodford","galwaydivision",NA,17,35,0,0,48,75,7,8,2,35,44,0,542,0.008
"563",20332,"Youghal","cork northdivision",NA,457,351,0,15,506,1332,132,502,47,1183,1261,131,11834,0.178
